path,label,split,sha256,source
data/processed/ecg/test.npz,mixed,test,,mitdb/100
data/processed/ecg/train.npz,mixed,train,,mitdb/101
data/processed/ecg/test.npz,mixed,test,,mitdb/103
data/processed/ecg/test.npz,mixed,test,,mitdb/105
data/processed/ecg/train.npz,mixed,train,,mitdb/106
data/processed/ecg/train.npz,mixed,train,,mitdb/108
data/processed/ecg/train.npz,mixed,train,,mitdb/109
data/processed/ecg/test.npz,mixed,test,,mitdb/111
data/processed/ecg/train.npz,mixed,train,,mitdb/112
data/processed/ecg/test.npz,mixed,test,,mitdb/113
data/processed/ecg/train.npz,mixed,train,,mitdb/114
data/processed/ecg/train.npz,mixed,train,,mitdb/115
data/processed/ecg/train.npz,mixed,train,,mitdb/116
data/processed/ecg/test.npz,mixed,test,,mitdb/117
data/processed/ecg/train.npz,mixed,train,,mitdb/118
data/processed/ecg/train.npz,mixed,train,,mitdb/119
data/processed/ecg/test.npz,mixed,test,,mitdb/121
data/processed/ecg/val.npz,mixed,val,,mitdb/122
data/processed/ecg/test.npz,mixed,test,,mitdb/123
data/processed/ecg/train.npz,mixed,train,,mitdb/124
data/processed/ecg/test.npz,mixed,test,,mitdb/200
data/processed/ecg/train.npz,mixed,train,,mitdb/201
data/processed/ecg/test.npz,mixed,test,,mitdb/202
data/processed/ecg/train.npz,mixed,train,,mitdb/203
data/processed/ecg/train.npz,mixed,train,,mitdb/205
data/processed/ecg/train.npz,mixed,train,,mitdb/207
data/processed/ecg/val.npz,mixed,val,,mitdb/208
data/processed/ecg/val.npz,mixed,val,,mitdb/209
data/processed/ecg/test.npz,mixed,test,,mitdb/210
data/processed/ecg/test.npz,mixed,test,,mitdb/212
data/processed/ecg/test.npz,mixed,test,,mitdb/213
data/processed/ecg/test.npz,mixed,test,,mitdb/214
data/processed/ecg/train.npz,mixed,train,,mitdb/215
data/processed/ecg/test.npz,mixed,test,,mitdb/219
data/processed/ecg/train.npz,mixed,train,,mitdb/220
data/processed/ecg/test.npz,mixed,test,,mitdb/221
data/processed/ecg/test.npz,mixed,test,,mitdb/222
data/processed/ecg/train.npz,mixed,train,,mitdb/223
data/processed/ecg/test.npz,mixed,test,,mitdb/228
data/processed/ecg/val.npz,mixed,val,,mitdb/230
data/processed/ecg/test.npz,mixed,test,,mitdb/231
data/processed/ecg/test.npz,mixed,test,,mitdb/232
data/processed/ecg/test.npz,mixed,test,,mitdb/233
data/processed/ecg/test.npz,mixed,test,,mitdb/234
